
-- #1 --

delete from language_group;

insert into language (code, datasets) values ('aka', '{eki, ety}');
insert into language (code, datasets) values ('qbq', '{eki, ety}');
insert into language (code, datasets) values ('qbr', '{eki, ety}');
insert into language (code, datasets) values ('phn', '{eki, ety}');
insert into language (code, datasets) values ('cel', '{eki, ety}');
insert into language (code, datasets) values ('gml', '{eki, ety}');
insert into language (code, datasets) values ('ito', '{eki, ety}');
insert into language (code, datasets) values ('pro', '{eki, ety}');
insert into language (code, datasets) values ('und', '{eki, ety}');

insert into language_label (code, value, lang, type) values ('aka', 'akani keel', 'est', 'descrip');
insert into language_label (code, value, lang, type) values ('qbq', 'Ameerika hispaania keel', 'est', 'descrip');
insert into language_label (code, value, lang, type) values ('qbr', 'Ameerika inglise keel', 'est', 'descrip');
insert into language_label (code, value, lang, type) values ('phn', 'foiniikia keel', 'est', 'descrip');
insert into language_label (code, value, lang, type) values ('cel', 'keldi keel', 'est', 'descrip');
insert into language_label (code, value, lang, type) values ('gml', 'keskalamsaksa keel', 'est', 'descrip');
insert into language_label (code, value, lang, type) values ('ito', 'vanaitaalia keel', 'est', 'descrip');
insert into language_label (code, value, lang, type) values ('pro', 'vanaprovansi keel', 'est', 'descrip');
insert into language_label (code, value, lang, type) values ('und', 'määramata', 'est', 'descrip');

insert into language_label (code, value, lang, type) values ('aka', 'akani keel', 'est', 'wordweb');
insert into language_label (code, value, lang, type) values ('qbq', 'Ameerika hispaania keel', 'est', 'wordweb');
insert into language_label (code, value, lang, type) values ('qbr', 'Ameerika inglise keel', 'est', 'wordweb');
insert into language_label (code, value, lang, type) values ('phn', 'foiniikia keel', 'est', 'wordweb');
insert into language_label (code, value, lang, type) values ('cel', 'keldi keel', 'est', 'wordweb');
insert into language_label (code, value, lang, type) values ('gml', 'keskalamsaksa keel', 'est', 'wordweb');
insert into language_label (code, value, lang, type) values ('ito', 'vanaitaalia keel', 'est', 'wordweb');
insert into language_label (code, value, lang, type) values ('pro', 'vanaprovansi keel', 'est', 'wordweb');
insert into language_label (code, value, lang, type) values ('und', 'määramata', 'est', 'wordweb');

insert into language_group (name) values ('Aafrika keeled');
insert into language_group (name) values ('Austraalia keeled');
insert into language_group (name) values ('India keeled');
insert into language_group (name) values ('Indoneesia keeled');
insert into language_group (name) values ('Lääne-Aafrika keeled');
insert into language_group (name) values ('Paapua keeled');
insert into language_group (name) values ('Polüneesia keeled');
insert into language_group (name) values ('Skandinaavia keeled');
insert into language_group (name) values ('Uurali keeled');
insert into language_group (name) values ('aarja keeled');
insert into language_group (name) values ('algonkini keeled');
insert into language_group (name) values ('balti keeled');
insert into language_group (name) values ('bantu keeled');
insert into language_group (name) values ('berberi keeled');
insert into language_group (name) values ('eesti-liivi kiht');
insert into language_group (name) values ('eesti-soome kiht');
insert into language_group (name) values ('eesti-vadja kiht');
insert into language_group (name) values ('eskimo keeled');
insert into language_group (name) values ('germaani keeled');
insert into language_group (name) values ('hiina-tiibeti keeled');
insert into language_group (name) values ('indiaani keeled');
insert into language_group (name) values ('indoeuroopa keeled');
insert into language_group (name) values ('iraani keeled');
insert into language_group (name) values ('irokeesi keeled');
insert into language_group (name) values ('läänemeresoome keeled');
insert into language_group (name) values ('läänemeresoome-mordva kiht');
insert into language_group (name) values ('läänemeresoome-permi kiht');
insert into language_group (name) values ('läänemeresoome-saami kiht');
insert into language_group (name) values ('läänemeresoome-volga kiht');
insert into language_group (name) values ('romaani keeled');
insert into language_group (name) values ('semi keeled');
insert into language_group (name) values ('slaavi keeled');
insert into language_group (name) values ('soome-ugri keeled');
insert into language_group (name) values ('tiibeti keeled');
insert into language_group (name) values ('tunguusi-mandžu keeled');
insert into language_group (name) values ('tupii-guaranii keeled');
insert into language_group (name) values ('turgi keeled');

