insert into eki_user (name, password) values ('Malle Paju', 'cdd78520affcda625a66a9c428327b81');

insert into dataset (code, name) values ('eos', 'Õigekeelsussõnaraamat ÕS 2013');
insert into dataset (code, name) values ('ss_', 'Eesti keele seletav sõnaraamat');
insert into dataset (code, name) values ('sys', 'Sünonüümisõnastik');
insert into dataset (code, name) values ('evs', 'Eesti-vene sõnaraamat');

insert into word (id, lang, morph_code) values (1001, 'est', 'SgN');
insert into word (id, lang, morph_code) values (1002, 'est', 'SgN');
insert into word (id, lang, morph_code) values (1003, 'est', 'SgN');
insert into word (id, lang, morph_code) values (1004, 'est', 'SgN');
insert into word (id, lang, morph_code) values (1005, 'est', 'SgN');
insert into word (id, lang, morph_code) values (1006, 'est', 'SgN');
insert into word (id, lang, morph_code) values (1007, 'est', 'SgN');
insert into word (id, lang, morph_code) values (1008, 'est', 'SgN');
insert into word (id, lang, morph_code) values (1009, 'est', 'SgN');
insert into word (id, lang, morph_code) values (1010, 'est', 'SgN');
insert into word (id, lang, morph_code) values (1011, 'est', 'SgN');
insert into word (id, lang, morph_code) values (1012, 'est', 'SgN');
insert into word (id, lang, morph_code) values (1013, 'est', 'SgN');
insert into word (id, lang, morph_code) values (1014, 'est', 'SgN');
insert into word (id, lang, morph_code) values (1015, 'est', 'SgN');
insert into word (id, lang, morph_code) values (1016, 'rus', 'PlN');
insert into word (id, lang, morph_code) values (1017, 'rus', 'SgN');
insert into word (id, lang, morph_code) values (1018, 'rus', 'SgN');

insert into meaning (id, datasets) values (2001, '{eos}');
insert into meaning (id, datasets) values (2002, '{eos}');
insert into meaning (id, datasets) values (2003, '{eos}');
insert into meaning (id, datasets) values (2004, '{ss_}');
insert into meaning (id, datasets) values (2005, '{ss_}');
insert into meaning (id, datasets) values (2006, '{ss_}');
insert into meaning (id, datasets) values (2007, '{ss_}');
insert into meaning (id, datasets) values (2008, '{ss_}');
insert into meaning (id, datasets) values (2009, '{ss_}');
insert into meaning (id, datasets) values (2010, '{ss_}');
insert into meaning (id, datasets) values (2011, '{ss_}');
insert into meaning (id, datasets) values (2012, '{sys}');
insert into meaning (id, datasets) values (2013, '{sys}');
insert into meaning (id, datasets) values (2014, '{evs}');
insert into meaning (id, datasets) values (2015, '{evs}');
insert into meaning (id, datasets) values (2016, '{evs}');
insert into meaning (id, datasets) values (2017, '{eos}');
insert into meaning (id, datasets) values (2018, '{eos}');
insert into meaning (id, datasets) values (2019, '{eos}');
insert into meaning (id, datasets) values (2020, '{eos}');
insert into meaning (id, datasets) values (2021, '{eos}');
insert into meaning (id, datasets) values (2022, '{eos}');
insert into meaning (id, datasets) values (2023, '{eos}');
insert into meaning (id, datasets) values (2024, '{eos}');
insert into meaning (id, datasets) values (2025, '{eos}');
insert into meaning (id, datasets) values (2026, '{eos}');
insert into meaning (id, datasets) values (2027, '{eos}');

insert into definition (meaning_id, value, lang, datasets) values (2001, 'külmunud kaste maas', 'est', '{eos}');
insert into definition (meaning_id, value, lang, datasets) values (2002, 'avar üldkasutatav hoone v ruum', 'est', '{eos}');
insert into definition (meaning_id, value, lang, datasets) values (2002, 'suur esinduslik ruum elamus, kodasaal', 'est', '{eos}');
insert into definition (meaning_id, value, lang, datasets) values (2004, 'temperatuuri langemisel alla 0 °C õhus olevast veeaurust tekkinud ebaühtlane jääkristallide kiht maapinnal, taimedel ja esemetel (hrl. kevadel ja sügisel)', 'est', '{ss_}');
insert into definition (meaning_id, value, lang, datasets) values (2005, 'värvuselt musta ja valge vahepealne', 'est', '{ss_}');
insert into definition (meaning_id, value, lang, datasets) values (2006, 'valge ja pimeda vahepealne, hämar; sombune', 'est', '{ss_}');
insert into definition (meaning_id, value, lang, datasets) values (2007, 'kaugesse minevikku ulatuv, ajaloo hämarusse kaduv', 'est', '{ss_}');
insert into definition (meaning_id, value, lang, datasets) values (2008, 'üksluine, ühetooniline, vaheldusetu, tuim, igav', 'est', '{ss_}');
insert into definition (meaning_id, value, lang, datasets) values (2009, 'see, kes v. mis on hall (1. täh.)', 'est', '{ss_}');
insert into definition (meaning_id, value, lang, datasets) values (2010, 'kodasaal, elamu suurem siseruum; suur köetav esik (esimesel korrusel)', 'est', '{ss_}');
insert into definition (meaning_id, value, lang, datasets) values (2011, 'rohkearvulisele publikule mõeldud suur saal v. hoone; suur tootmisruum v. hoone', 'est', '{ss_}');
insert into definition (meaning_id, value, lang, datasets) values (2016, 'suur esik; saal; tootmishoone', 'est', '{evs}');
insert into definition (meaning_id, value, lang, datasets) values (2021, 'suur selvekauplus, kus peale toiduainete müüakse ka muid igapäevakaupu', 'est', '{eos}');
insert into definition (meaning_id, value, lang, datasets) values (2025, 'hiirekarva hall', 'est', '{eos}');
insert into definition (meaning_id, value, lang, datasets) values (2026, 'rõdu, eriti kirikus', 'est', '{eos}');

insert into paradigm (id, word_id, example) values (1001, 1001, 'tark');
insert into paradigm (id, word_id, example) values (1002, 1002, 'kurt');
insert into paradigm (id, word_id, example) values (1003, 1003, '');
insert into paradigm (id, word_id, example) values (1004, 1004, '');
insert into paradigm (id, word_id, example) values (1005, 1005, '');
insert into paradigm (id, word_id, example) values (1006, 1006, '');
insert into paradigm (id, word_id, example) values (1007, 1007, '');
insert into paradigm (id, word_id, example) values (1008, 1008, '');
insert into paradigm (id, word_id, example) values (1009, 1009, '');
insert into paradigm (id, word_id, example) values (1010, 1010, '');
insert into paradigm (id, word_id, example) values (1011, 1011, '');
insert into paradigm (id, word_id, example) values (1012, 1012, '');
insert into paradigm (id, word_id, example) values (1013, 1013, '');
insert into paradigm (id, word_id, example) values (1014, 1014, 'riik');
insert into paradigm (id, word_id, example) values (1015, 1015, 'külm');
insert into paradigm (id, word_id, example) values (1016, 1015, 'õpik');
insert into paradigm (id, word_id, example) values (1017, 1016, '');
insert into paradigm (id, word_id, example) values (1018, 1017, '');
insert into paradigm (id, word_id, example) values (1019, 1018, '');


insert into form (paradigm_id, morph_code, value, components, display_form, is_word) values (1001, 'SgN', 'hall', '{hall}', 'hall', true);
insert into form (paradigm_id, morph_code, value, components, display_form, is_word) values (1001, 'SgG', 'halla', '{hall}', 'halla', false);
insert into form (paradigm_id, morph_code, value, components, display_form, is_word) values (1001, 'SgP', 'halla', '{hall}', 'h`alla', false);
insert into form (paradigm_id, morph_code, value, components, display_form, is_word) values (1002, 'SgN', 'hall', '{hall}', 'hall', true);
insert into form (paradigm_id, morph_code, value, components, display_form, is_word) values (1002, 'SgG', 'halli', '{hall}', 'halli', false);
insert into form (paradigm_id, morph_code, value, components, display_form, is_word) values (1002, 'SgP', 'halli', '{hall}', 'h`alli', false);
insert into form (paradigm_id, morph_code, value, components, display_form, is_word) values (1003, 'SgN', 'hallakord', '{halla, kord}', 'halla+k`ord', true);
insert into form (paradigm_id, morph_code, value, components, display_form, is_word) values (1004, 'SgN', 'hallaudu', '{halla, udu}', 'halla+udu', true);
insert into form (paradigm_id, morph_code, value, components, display_form, is_word) values (1005, 'SgN', 'hallaöö', '{halla, öö}', 'halla+`öö', true);
insert into form (paradigm_id, morph_code, value, components, display_form, is_word) values (1006, 'SgN', 'hallasääsk', '{halla, sääsk}', 'halla+s`ääsk', true);
insert into form (paradigm_id, morph_code, value, components, display_form, is_word) values (1007, 'SgN', 'kaubahall', '{kauba, hall}', 'kauba+h`al''l', true);
insert into form (paradigm_id, morph_code, value, components, display_form, is_word) values (1008, 'SgN', 'linnahall', '{linna, hall}', 'linna+h`al''l', true);
insert into form (paradigm_id, morph_code, value, components, display_form, is_word) values (1009, 'SgN', 'helehall', '{hele, hall}', 'hele+h`al''l', true);
insert into form (paradigm_id, morph_code, value, components, display_form, is_word) values (1010, 'SgN', 'tumehall', '{tume, hall}', 'tume+h`al''l', true);
insert into form (paradigm_id, morph_code, value, components, display_form, is_word) values (1011, 'SgN', 'hiirhall', '{hiir, hall}', 'h`iir+h`al''l', true);
insert into form (paradigm_id, morph_code, value, components, display_form, is_word) values (1012, 'SgN', 'hiirjas', '{hiirjas}', 'h`iirjas', true);
insert into form (paradigm_id, morph_code, value, components, display_form, is_word) values (1013, 'SgN', 'hiirukas', '{hiirukas}', 'hiirukas', true);
insert into form (paradigm_id, morph_code, value, components, display_form, is_word) values (1014, 'SgN', 'väär', '{väär}', 'v`äär', true);
insert into form (paradigm_id, morph_code, value, components, display_form, is_word) values (1014, 'SgG', 'vääri', '{väär}', 'vääri', false);
insert into form (paradigm_id, morph_code, value, components, display_form, is_word) values (1014, 'SgP', 'vääri', '{väär}', 'v`ääri', false);
insert into form (paradigm_id, morph_code, value, components, display_form, is_word) values (1015, 'SgN', 'väär', '{väär}', 'v`äär', true);
insert into form (paradigm_id, morph_code, value, components, display_form, is_word) values (1015, 'SgG', 'väära', '{väär}', 'väära', false);
insert into form (paradigm_id, morph_code, value, components, display_form, is_word) values (1015, 'SgP', 'väära', '{väär}', 'v`äära', false);
insert into form (paradigm_id, morph_code, value, components, display_form, is_word) values (1016, 'SgN', 'väär', '{väär}', 'v`äär', true);
insert into form (paradigm_id, morph_code, value, components, display_form, is_word) values (1016, 'SgG', 'väära', '{väär}', 'v`äära', false);
insert into form (paradigm_id, morph_code, value, components, display_form, is_word) values (1016, 'SgP', 'väärat', '{väär}', 'v`äärat', false);
insert into form (paradigm_id, morph_code, value, components, display_form, is_word) values (1017, 'PlN', 'заморозки', '{заморозки}', 'заморозки', true);
insert into form (paradigm_id, morph_code, value, components, display_form, is_word) values (1018, 'SgN', 'серый', '{серый}', 'серый', true);
insert into form (paradigm_id, morph_code, value, components, display_form, is_word) values (1019, 'SgN', 'холл', '{холл}', 'холл', true);


insert into lexeme (id, word_id, meaning_id, datasets) values (4001, 1001, 2001, '{eos}');
insert into lexeme (id, word_id, meaning_id, datasets) values (4002, 1002, 2002, '{eos}');
insert into lexeme (id, word_id, meaning_id, datasets) values (4003, 1002, 2003, '{eos}');
insert into lexeme (id, word_id, meaning_id, datasets) values (4004, 1001, 2004, '{ss_}');
insert into lexeme (id, word_id, meaning_id, datasets) values (4005, 1002, 2005, '{ss_}');
insert into lexeme (id, word_id, meaning_id, datasets) values (4006, 1002, 2006, '{ss_}');
insert into lexeme (id, word_id, meaning_id, datasets) values (4007, 1002, 2007, '{ss_}');
insert into lexeme (id, word_id, meaning_id, datasets) values (4008, 1002, 2008, '{ss_}');
insert into lexeme (id, word_id, meaning_id, datasets) values (4009, 1002, 2009, '{ss_}');
insert into lexeme (id, word_id, meaning_id, datasets) values (4010, 1002, 2010, '{ss_}');
insert into lexeme (id, word_id, meaning_id, datasets) values (4011, 1002, 2011, '{ss_}');
insert into lexeme (id, word_id, meaning_id, datasets) values (4012, 1001, 2012, '{sys}');
insert into lexeme (id, word_id, meaning_id, datasets) values (4013, 1002, 2013, '{sys}');
insert into lexeme (id, word_id, meaning_id, datasets) values (4014, 1001, 2014, '{evs}');
insert into lexeme (id, word_id, meaning_id, datasets) values (4015, 1002, 2015, '{evs}');
insert into lexeme (id, word_id, meaning_id, datasets) values (4016, 1002, 2016, '{evs}');
insert into lexeme (id, word_id, meaning_id, datasets) values (4017, 1003, 2017, '{eos}');
insert into lexeme (id, word_id, meaning_id, datasets) values (4018, 1004, 2018, '{eos}');
insert into lexeme (id, word_id, meaning_id, datasets) values (4019, 1005, 2019, '{eos}');
insert into lexeme (id, word_id, meaning_id, datasets) values (4020, 1006, 2020, '{eos}');
insert into lexeme (id, word_id, meaning_id, datasets) values (4021, 1007, 2021, '{eos}');
insert into lexeme (id, word_id, meaning_id, datasets) values (4022, 1008, 2022, '{eos}');
insert into lexeme (id, word_id, meaning_id, datasets) values (4023, 1009, 2023, '{eos}');
insert into lexeme (id, word_id, meaning_id, datasets) values (4024, 1010, 2024, '{eos}');
insert into lexeme (id, word_id, meaning_id, datasets) values (4025, 1011, 2025, '{eos}');
insert into lexeme (id, word_id, meaning_id, datasets) values (4026, 1012, 2025, '{eos}');
insert into lexeme (id, word_id, meaning_id, datasets) values (4027, 1013, 2025, '{eos}');
insert into lexeme (id, word_id, meaning_id, datasets) values (4028, 1014, 2026, '{eos}');
insert into lexeme (id, word_id, meaning_id, datasets) values (4029, 1015, 2027, '{eos}');
insert into lexeme (id, word_id, meaning_id, datasets) values (4031, 1016, 2014, '{evs}');
insert into lexeme (id, word_id, meaning_id, datasets) values (4032, 1017, 2015, '{evs}');
insert into lexeme (id, word_id, meaning_id, datasets) values (4033, 1018, 2016, '{evs}');

insert into lex_relation (lexeme1_id, lexeme2_id, lex_rel_type_code, datasets) values (4001, 4017, 'comp', '{eos}');
insert into lex_relation (lexeme1_id, lexeme2_id, lex_rel_type_code, datasets) values (4001, 4018, 'comp', '{eos}');
insert into lex_relation (lexeme1_id, lexeme2_id, lex_rel_type_code, datasets) values (4001, 4019, 'comp', '{eos}');
insert into lex_relation (lexeme1_id, lexeme2_id, lex_rel_type_code, datasets) values (4001, 4020, 'comp', '{eos}');
insert into lex_relation (lexeme1_id, lexeme2_id, lex_rel_type_code, datasets) values (4002, 4021, 'comp', '{eos}');
insert into lex_relation (lexeme1_id, lexeme2_id, lex_rel_type_code, datasets) values (4002, 4022, 'comp', '{eos}');
insert into lex_relation (lexeme1_id, lexeme2_id, lex_rel_type_code, datasets) values (4003, 4023, 'comp', '{eos}');
insert into lex_relation (lexeme1_id, lexeme2_id, lex_rel_type_code, datasets) values (4003, 4024, 'comp', '{eos}');
insert into lex_relation (lexeme1_id, lexeme2_id, lex_rel_type_code, datasets) values (4003, 4025, 'comp', '{eos}');
