insert into eki_user (name, email, password, roles) values ('Test Test', 'test@test.com', '$2a$10$d5ZhfCgg2S2Fp4FUTGPpCOGarlPIE4Nt/pqxXmPuN0rBN5MonHxlm', '{super_user}');

insert into dataset (code, name) values ('eos', 'Õigekeelsussõnaraamat ÕS 2013');
insert into dataset (code, name) values ('ss_', 'Eesti keele seletav sõnaraamat');
insert into dataset (code, name) values ('sys', 'Sünonüümisõnastik');
insert into dataset (code, name) values ('evs', 'Eesti-vene sõnaraamat');

insert into word (id, lang, morph_code, homonym_nr) values (1001, 'est', 'SgN', 1);
insert into word (id, lang, morph_code, homonym_nr) values (1002, 'est', 'SgN', 2);
insert into word (id, lang, morph_code) values (1003, 'est', 'SgN');
insert into word (id, lang, morph_code) values (1004, 'est', 'SgN');
insert into word (id, lang, morph_code) values (1005, 'est', 'SgN');
insert into word (id, lang, morph_code) values (1006, 'est', 'SgN');
insert into word (id, lang, morph_code) values (1007, 'est', 'SgN');
insert into word (id, lang, morph_code) values (1008, 'est', 'SgN');
insert into word (id, lang, morph_code) values (1009, 'est', 'SgN');
insert into word (id, lang, morph_code) values (1010, 'est', 'SgN');
insert into word (id, lang, morph_code) values (1011, 'est', 'SgN');
insert into word (id, lang, morph_code) values (1012, 'est', 'SgN');
insert into word (id, lang, morph_code) values (1013, 'est', 'SgN');
insert into word (id, lang, morph_code) values (1014, 'est', 'SgN');
insert into word (id, lang, morph_code) values (1015, 'est', 'SgN');
insert into word (id, lang, morph_code) values (1016, 'rus', 'PlN');
insert into word (id, lang, morph_code) values (1017, 'rus', 'SgN');
insert into word (id, lang, morph_code) values (1018, 'rus', 'SgN');

insert into meaning (id) values (2001);
insert into meaning (id) values (2002);
insert into meaning (id) values (2003);
insert into meaning (id) values (2004);
insert into meaning (id) values (2005);
insert into meaning (id) values (2006);
insert into meaning (id) values (2007);
insert into meaning (id) values (2008);
insert into meaning (id) values (2009);
insert into meaning (id) values (2010);
insert into meaning (id) values (2011);
insert into meaning (id) values (2012);
insert into meaning (id) values (2013);
insert into meaning (id) values (2014);
insert into meaning (id) values (2015);
insert into meaning (id) values (2016);
insert into meaning (id) values (2017);
insert into meaning (id) values (2018);
insert into meaning (id) values (2019);
insert into meaning (id) values (2020);
insert into meaning (id) values (2021);
insert into meaning (id) values (2022);
insert into meaning (id) values (2023);
insert into meaning (id) values (2024);
insert into meaning (id) values (2025);
insert into meaning (id) values (2026);
insert into meaning (id) values (2027);

insert into definition (id, meaning_id, value, lang) values (1001, 2001, 'külmunud kaste maas', 'est');
insert into definition (id, meaning_id, value, lang) values (1002, 2002, 'avar üldkasutatav hoone v ruum', 'est');
insert into definition (id, meaning_id, value, lang) values (1003, 2002, 'suur esinduslik ruum elamus, kodasaal', 'est');
insert into definition (id, meaning_id, value, lang) values (1004, 2004, 'temperatuuri langemisel alla 0 °C õhus olevast veeaurust tekkinud ebaühtlane jääkristallide kiht maapinnal, taimedel ja esemetel (hrl. kevadel ja sügisel)', 'est');
insert into definition (id, meaning_id, value, lang) values (1005, 2005, 'värvuselt musta ja valge vahepealne', 'est');
insert into definition (id, meaning_id, value, lang) values (1006, 2006, 'valge ja pimeda vahepealne, hämar; sombune', 'est');
insert into definition (id, meaning_id, value, lang) values (1007, 2007, 'kaugesse minevikku ulatuv, ajaloo hämarusse kaduv', 'est');
insert into definition (id, meaning_id, value, lang) values (1008, 2008, 'üksluine, ühetooniline, vaheldusetu, tuim, igav', 'est');
insert into definition (id, meaning_id, value, lang) values (1009, 2009, 'see, kes v. mis on hall (1. täh.)', 'est');
insert into definition (id, meaning_id, value, lang) values (1010, 2010, 'kodasaal, elamu suurem siseruum; suur köetav esik (esimesel korrusel)', 'est');
insert into definition (id, meaning_id, value, lang) values (1011, 2011, 'rohkearvulisele publikule mõeldud suur saal v. hoone; suur tootmisruum v. hoone', 'est');
insert into definition (id, meaning_id, value, lang) values (1012, 2016, 'suur esik; saal; tootmishoone', 'est');
insert into definition (id, meaning_id, value, lang) values (1013, 2021, 'suur selvekauplus, kus peale toiduainete müüakse ka muid igapäevakaupu', 'est');
insert into definition (id, meaning_id, value, lang) values (1014, 2025, 'hiirekarva hall', 'est');
insert into definition (id, meaning_id, value, lang) values (1015, 2026, 'rõdu, eriti kirikus', 'est');

insert into definition_dataset (definition_id, dataset_code) values (1001, 'qq2');
insert into definition_dataset (definition_id, dataset_code) values (1002, 'qq2');
insert into definition_dataset (definition_id, dataset_code) values (1003, 'qq2');
insert into definition_dataset (definition_id, dataset_code) values (1004, 'ss_');
insert into definition_dataset (definition_id, dataset_code) values (1005, 'ss_');
insert into definition_dataset (definition_id, dataset_code) values (1006, 'ss_');
insert into definition_dataset (definition_id, dataset_code) values (1007, 'ss_');
insert into definition_dataset (definition_id, dataset_code) values (1008, 'ss_');
insert into definition_dataset (definition_id, dataset_code) values (1009, 'ss_');
insert into definition_dataset (definition_id, dataset_code) values (1010, 'ss_');
insert into definition_dataset (definition_id, dataset_code) values (1011, 'ss_');
insert into definition_dataset (definition_id, dataset_code) values (1012, 'evs');
insert into definition_dataset (definition_id, dataset_code) values (1013, 'qq2');
insert into definition_dataset (definition_id, dataset_code) values (1014, 'qq2');
insert into definition_dataset (definition_id, dataset_code) values (1015, 'qq2');

insert into paradigm (id, word_id) values (1001, 1001);
insert into paradigm (id, word_id) values (1002, 1002);
insert into paradigm (id, word_id) values (1003, 1003);
insert into paradigm (id, word_id) values (1004, 1004);
insert into paradigm (id, word_id) values (1005, 1005);
insert into paradigm (id, word_id) values (1006, 1006);
insert into paradigm (id, word_id) values (1007, 1007);
insert into paradigm (id, word_id) values (1008, 1008);
insert into paradigm (id, word_id) values (1009, 1009);
insert into paradigm (id, word_id) values (1010, 1010);
insert into paradigm (id, word_id) values (1011, 1011);
insert into paradigm (id, word_id) values (1012, 1012);
insert into paradigm (id, word_id) values (1013, 1013);
insert into paradigm (id, word_id) values (1014, 1014);
insert into paradigm (id, word_id) values (1015, 1015);
insert into paradigm (id, word_id) values (1016, 1015);
insert into paradigm (id, word_id) values (1017, 1016);
insert into paradigm (id, word_id) values (1018, 1017);
insert into paradigm (id, word_id) values (1019, 1018);

insert into form (paradigm_id, morph_code, value, components, display_form, mode) values (1001, 'SgN', 'hall', '{hall}', 'hall', 'WORD');
insert into form (paradigm_id, morph_code, value, components, display_form, mode) values (1001, 'SgG', 'halla', '{hall}', 'halla', 'FORM');
insert into form (paradigm_id, morph_code, value, components, display_form, mode) values (1001, 'SgP', 'halla', '{hall}', 'h`alla', 'FORM');
insert into form (paradigm_id, morph_code, value, components, display_form, mode) values (1002, 'SgN', 'hall', '{hall}', 'hall', 'WORD');
insert into form (paradigm_id, morph_code, value, components, display_form, mode) values (1002, 'SgG', 'halli', '{hall}', 'halli', 'FORM');
insert into form (paradigm_id, morph_code, value, components, display_form, mode) values (1002, 'SgP', 'halli', '{hall}', 'h`alli', 'FORM');
insert into form (paradigm_id, morph_code, value, components, display_form, mode) values (1003, 'SgN', 'hallakord', '{halla, kord}', 'halla+k`ord', 'WORD');
insert into form (paradigm_id, morph_code, value, components, display_form, mode) values (1004, 'SgN', 'hallaudu', '{halla, udu}', 'halla+udu', 'WORD');
insert into form (paradigm_id, morph_code, value, components, display_form, mode) values (1005, 'SgN', 'hallaöö', '{halla, öö}', 'halla+`öö', 'WORD');
insert into form (paradigm_id, morph_code, value, components, display_form, mode) values (1006, 'SgN', 'hallasääsk', '{halla, sääsk}', 'halla+s`ääsk', 'WORD');
insert into form (paradigm_id, morph_code, value, components, display_form, mode) values (1007, 'SgN', 'kaubahall', '{kauba, hall}', 'kauba+h`al''l', 'WORD');
insert into form (paradigm_id, morph_code, value, components, display_form, mode) values (1008, 'SgN', 'linnahall', '{linna, hall}', 'linna+h`al''l', 'WORD');
insert into form (paradigm_id, morph_code, value, components, display_form, mode) values (1009, 'SgN', 'helehall', '{hele, hall}', 'hele+h`al''l', 'WORD');
insert into form (paradigm_id, morph_code, value, components, display_form, mode) values (1010, 'SgN', 'tumehall', '{tume, hall}', 'tume+h`al''l', 'WORD');
insert into form (paradigm_id, morph_code, value, components, display_form, mode) values (1011, 'SgN', 'hiirhall', '{hiir, hall}', 'h`iir+h`al''l', 'WORD');
insert into form (paradigm_id, morph_code, value, components, display_form, mode) values (1012, 'SgN', 'hiirjas', '{hiirjas}', 'h`iirjas', 'WORD');
insert into form (paradigm_id, morph_code, value, components, display_form, mode) values (1013, 'SgN', 'hiirukas', '{hiirukas}', 'hiirukas', 'WORD');
insert into form (paradigm_id, morph_code, value, components, display_form, mode) values (1014, 'SgN', 'väär', '{väär}', 'v`äär', 'WORD');
insert into form (paradigm_id, morph_code, value, components, display_form, mode) values (1014, 'SgG', 'vääri', '{väär}', 'vääri', 'FORM');
insert into form (paradigm_id, morph_code, value, components, display_form, mode) values (1014, 'SgP', 'vääri', '{väär}', 'v`ääri', 'FORM');
insert into form (paradigm_id, morph_code, value, components, display_form, mode) values (1015, 'SgN', 'väär', '{väär}', 'v`äär', 'WORD');
insert into form (paradigm_id, morph_code, value, components, display_form, mode) values (1015, 'SgG', 'väära', '{väär}', 'väära', 'FORM');
insert into form (paradigm_id, morph_code, value, components, display_form, mode) values (1015, 'SgP', 'väära', '{väär}', 'v`äära', 'FORM');
insert into form (paradigm_id, morph_code, value, components, display_form, mode) values (1016, 'SgN', 'väär', '{väär}', 'v`äär', 'WORD');
insert into form (paradigm_id, morph_code, value, components, display_form, mode) values (1016, 'SgG', 'väära', '{väär}', 'v`äära', 'FORM');
insert into form (paradigm_id, morph_code, value, components, display_form, mode) values (1016, 'SgP', 'väärat', '{väär}', 'v`äärat', 'FORM');
insert into form (paradigm_id, morph_code, value, components, display_form, mode) values (1017, 'PlN', 'заморозки', '{заморозки}', 'заморозки', 'WORD');
insert into form (paradigm_id, morph_code, value, components, display_form, mode) values (1018, 'SgN', 'серый', '{серый}', 'серый', 'WORD');
insert into form (paradigm_id, morph_code, value, components, display_form, mode) values (1019, 'SgN', 'холл', '{холл}', 'холл', 'WORD');

insert into lexeme (id, word_id, meaning_id, dataset_code) values (4001, 1001, 2001, 'qq2');
insert into lexeme (id, word_id, meaning_id, dataset_code) values (4002, 1002, 2002, 'qq2');
insert into lexeme (id, word_id, meaning_id, dataset_code) values (4003, 1002, 2003, 'qq2');
insert into lexeme (id, word_id, meaning_id, dataset_code) values (4004, 1001, 2004, 'ss_');
insert into lexeme (id, word_id, meaning_id, dataset_code) values (4005, 1002, 2005, 'ss_');
insert into lexeme (id, word_id, meaning_id, dataset_code) values (4006, 1002, 2006, 'ss_');
insert into lexeme (id, word_id, meaning_id, dataset_code) values (4007, 1002, 2007, 'ss_');
insert into lexeme (id, word_id, meaning_id, dataset_code) values (4008, 1002, 2008, 'ss_');
insert into lexeme (id, word_id, meaning_id, dataset_code) values (4009, 1002, 2009, 'ss_');
insert into lexeme (id, word_id, meaning_id, dataset_code) values (4010, 1002, 2010, 'ss_');
insert into lexeme (id, word_id, meaning_id, dataset_code) values (4011, 1002, 2011, 'ss_');
insert into lexeme (id, word_id, meaning_id, dataset_code) values (4012, 1001, 2012, 'sys');
insert into lexeme (id, word_id, meaning_id, dataset_code) values (4013, 1002, 2013, 'sys');
insert into lexeme (id, word_id, meaning_id, dataset_code) values (4014, 1001, 2014, 'evs');
insert into lexeme (id, word_id, meaning_id, dataset_code) values (4015, 1002, 2015, 'evs');
insert into lexeme (id, word_id, meaning_id, dataset_code) values (4016, 1002, 2016, 'evs');
insert into lexeme (id, word_id, meaning_id, dataset_code) values (4017, 1003, 2017, 'qq2');
insert into lexeme (id, word_id, meaning_id, dataset_code) values (4018, 1004, 2018, 'qq2');
insert into lexeme (id, word_id, meaning_id, dataset_code) values (4019, 1005, 2019, 'qq2');
insert into lexeme (id, word_id, meaning_id, dataset_code) values (4020, 1006, 2020, 'qq2');
insert into lexeme (id, word_id, meaning_id, dataset_code) values (4021, 1007, 2021, 'qq2');
insert into lexeme (id, word_id, meaning_id, dataset_code) values (4022, 1008, 2022, 'qq2');
insert into lexeme (id, word_id, meaning_id, dataset_code) values (4023, 1009, 2023, 'qq2');
insert into lexeme (id, word_id, meaning_id, dataset_code) values (4024, 1010, 2024, 'qq2');
insert into lexeme (id, word_id, meaning_id, dataset_code) values (4025, 1011, 2025, 'qq2');
insert into lexeme (id, word_id, meaning_id, dataset_code) values (4026, 1012, 2025, 'qq2');
insert into lexeme (id, word_id, meaning_id, dataset_code) values (4027, 1013, 2025, 'qq2');
insert into lexeme (id, word_id, meaning_id, dataset_code) values (4028, 1014, 2026, 'qq2');
insert into lexeme (id, word_id, meaning_id, dataset_code) values (4029, 1015, 2027, 'qq2');
insert into lexeme (id, word_id, meaning_id, dataset_code) values (4031, 1016, 2014, 'evs');
insert into lexeme (id, word_id, meaning_id, dataset_code) values (4032, 1017, 2015, 'evs');
insert into lexeme (id, word_id, meaning_id, dataset_code) values (4033, 1018, 2016, 'evs');

insert into lex_relation (id, lexeme1_id, lexeme2_id, lex_rel_type_code) values (1001, 4001, 4017, 'comp');
insert into lex_relation (id, lexeme1_id, lexeme2_id, lex_rel_type_code) values (1002, 4001, 4018, 'comp');
insert into lex_relation (id, lexeme1_id, lexeme2_id, lex_rel_type_code) values (1003, 4001, 4019, 'comp');
insert into lex_relation (id, lexeme1_id, lexeme2_id, lex_rel_type_code) values (1004, 4001, 4020, 'comp');
insert into lex_relation (id, lexeme1_id, lexeme2_id, lex_rel_type_code) values (1005, 4002, 4021, 'comp');
insert into lex_relation (id, lexeme1_id, lexeme2_id, lex_rel_type_code) values (1006, 4002, 4022, 'comp');
insert into lex_relation (id, lexeme1_id, lexeme2_id, lex_rel_type_code) values (1007, 4003, 4023, 'comp');
insert into lex_relation (id, lexeme1_id, lexeme2_id, lex_rel_type_code) values (1008, 4003, 4024, 'comp');
insert into lex_relation (id, lexeme1_id, lexeme2_id, lex_rel_type_code) values (1009, 4003, 4025, 'comp');

insert into freeform (id, parent_id, type, value_text) values (1001, null, 'CONCEPT_ID', '123456');
insert into freeform (id, parent_id, type, value_text) values (1002, null, 'GOVERNMENT', 'keda mida');
insert into freeform (id, parent_id, type, value_text) values (1003, null, 'USAGE', 'Hommikul oli hall maas');
insert into freeform (id, parent_id, type, value_text) values (1004, null, 'USAGE', 'Haned lähevad, hallad taga');

insert into meaning_freeform (id, meaning_id, freeform_id) values (1001, 2024, 1001);
insert into lexeme_freeform (id, lexeme_id, freeform_id) values (1002, 4001, 1003);
insert into lexeme_freeform (id, lexeme_id, freeform_id) values (1003, 4001, 1004);
