insert into eki_user (name, email, password, is_admin, is_enabled) values ('Test Test', 'test@test.com', '$2a$10$8SwxxliqwpG5N9hK246.R.JNhwLFqACg5HVZtFXBhyb7SwbqKnObm', true, true);

insert into dataset (code, type, name) values ('eos', 'LEX', 'Õigekeelsussõnaraamat ÕS 2013');
insert into dataset (code, type, name) values ('ss_', 'LEX', 'Eesti keele seletav sõnaraamat');
insert into dataset (code, type, name) values ('sys', 'LEX', 'Sünonüümisõnastik');
insert into dataset (code, type, name) values ('evs', 'LEX', 'Eesti-vene sõnaraamat');

insert into word (id, value, value_prese, lang, homonym_nr) values (1001, 'hall', 'hall', 'est', 1);
insert into word (id, value, value_prese, lang, homonym_nr) values (1002, 'hall', 'hall', 'est', 2);
insert into word (id, value, value_prese, lang) values (1003, 'hallakord', 'hallakord', 'est');
insert into word (id, value, value_prese, lang) values (1004, 'hallaudu', 'hallaudu', 'est');
insert into word (id, value, value_prese, lang) values (1005, 'hallaöö', 'hallaöö', 'est');
insert into word (id, value, value_prese, lang) values (1006, 'hallasääsk', 'hallasääsk', 'est');
insert into word (id, value, value_prese, lang) values (1007, 'kaubahall', 'kaubahall', 'est');
insert into word (id, value, value_prese, lang) values (1008, 'linnahall', 'linnahall', 'est');
insert into word (id, value, value_prese, lang) values (1009, 'helehall', 'helehall', 'est');
insert into word (id, value, value_prese, lang) values (1010, 'tumehall', 'tumehall', 'est');
insert into word (id, value, value_prese, lang) values (1011, 'hiirhall', 'hiirhall', 'est');
insert into word (id, value, value_prese, lang) values (1012, 'hiirjas', 'hiirjas', 'est');
insert into word (id, value, value_prese, lang) values (1013, 'hiirukas', 'hiirukas', 'est');
insert into word (id, value, value_prese, lang) values (1014, 'väär', 'väär', 'est');
insert into word (id, value, value_prese, lang) values (1015, 'väär', 'väär', 'est');
insert into word (id, value, value_prese, lang) values (1016, 'заморозки', 'заморозки', 'rus');
insert into word (id, value, value_prese, lang) values (1017, 'серый', 'серый', 'rus');
insert into word (id, value, value_prese, lang) values (1018, 'холл', 'холл', 'rus');

insert into meaning (id) values (2001);
insert into meaning (id) values (2002);
insert into meaning (id) values (2003);
insert into meaning (id) values (2004);
insert into meaning (id) values (2005);
insert into meaning (id) values (2006);
insert into meaning (id) values (2007);
insert into meaning (id) values (2008);
insert into meaning (id) values (2009);
insert into meaning (id) values (2010);
insert into meaning (id) values (2011);
insert into meaning (id) values (2012);
insert into meaning (id) values (2013);
insert into meaning (id) values (2014);
insert into meaning (id) values (2015);
insert into meaning (id) values (2016);
insert into meaning (id) values (2017);
insert into meaning (id) values (2018);
insert into meaning (id) values (2019);
insert into meaning (id) values (2020);
insert into meaning (id) values (2021);
insert into meaning (id) values (2022);
insert into meaning (id) values (2023);
insert into meaning (id) values (2024);
insert into meaning (id) values (2025);
insert into meaning (id) values (2026);
insert into meaning (id) values (2027);

insert into definition (id, meaning_id, definition_type_code, value, value_prese, lang, complexity) values (1001, 2001, 'määramata', 'külmunud kaste maas', 'külmunud kaste maas', 'est', 'DETAIL');
insert into definition (id, meaning_id, definition_type_code, value, value_prese, lang, complexity) values (1002, 2002, 'määramata', 'avar üldkasutatav hoone v ruum', 'avar üldkasutatav hoone v ruum', 'est', 'DETAIL');
insert into definition (id, meaning_id, definition_type_code, value, value_prese, lang, complexity) values (1003, 2002, 'määramata', 'suur esinduslik ruum elamus, kodasaal', 'suur esinduslik ruum elamus, kodasaal', 'est', 'DETAIL');
insert into definition (id, meaning_id, definition_type_code, value, value_prese, lang, complexity) values (1004, 2004, 'määramata', 'temperatuuri langemisel alla 0 °C õhus olevast veeaurust tekkinud ebaühtlane jääkristallide kiht maapinnal, taimedel ja esemetel (hrl. kevadel ja sügisel)', 'temperatuuri langemisel alla 0 °C õhus olevast veeaurust tekkinud ebaühtlane jääkristallide kiht maapinnal, taimedel ja esemetel (hrl. kevadel ja sügisel)', 'est', 'DETAIL');
insert into definition (id, meaning_id, definition_type_code, value, value_prese, lang, complexity) values (1005, 2005, 'määramata', 'värvuselt musta ja valge vahepealne', 'värvuselt musta ja valge vahepealne', 'est', 'DETAIL');
insert into definition (id, meaning_id, definition_type_code, value, value_prese, lang, complexity) values (1006, 2006, 'määramata', 'valge ja pimeda vahepealne, hämar; sombune', 'valge ja pimeda vahepealne, hämar; sombune', 'est', 'DETAIL');
insert into definition (id, meaning_id, definition_type_code, value, value_prese, lang, complexity) values (1007, 2007, 'määramata', 'kaugesse minevikku ulatuv, ajaloo hämarusse kaduv', 'kaugesse minevikku ulatuv, ajaloo hämarusse kaduv', 'est', 'DETAIL');
insert into definition (id, meaning_id, definition_type_code, value, value_prese, lang, complexity) values (1008, 2008, 'määramata', 'üksluine, ühetooniline, vaheldusetu, tuim, igav', 'üksluine, ühetooniline, vaheldusetu, tuim, igav', 'est', 'DETAIL');
insert into definition (id, meaning_id, definition_type_code, value, value_prese, lang, complexity) values (1009, 2009, 'määramata', 'see, kes v. mis on hall (1. täh.)', 'see, kes v. mis on hall (1. täh.)', 'est', 'DETAIL');
insert into definition (id, meaning_id, definition_type_code, value, value_prese, lang, complexity) values (1010, 2010, 'määramata', 'kodasaal, elamu suurem siseruum; suur köetav esik (esimesel korrusel)', 'kodasaal, elamu suurem siseruum; suur köetav esik (esimesel korrusel)', 'est', 'DETAIL');
insert into definition (id, meaning_id, definition_type_code, value, value_prese, lang, complexity) values (1011, 2011, 'määramata', 'rohkearvulisele publikule mõeldud suur saal v. hoone; suur tootmisruum v. hoone', 'rohkearvulisele publikule mõeldud suur saal v. hoone; suur tootmisruum v. hoone', 'est', 'DETAIL');
insert into definition (id, meaning_id, definition_type_code, value, value_prese, lang, complexity) values (1012, 2016, 'määramata', 'suur esik; saal; tootmishoone', 'suur esik; saal; tootmishoone', 'est', 'DETAIL');
insert into definition (id, meaning_id, definition_type_code, value, value_prese, lang, complexity) values (1013, 2021, 'määramata', 'suur selvekauplus, kus peale toiduainete müüakse ka muid igapäevakaupu', 'suur selvekauplus, kus peale toiduainete müüakse ka muid igapäevakaupu', 'est', 'DETAIL');
insert into definition (id, meaning_id, definition_type_code, value, value_prese, lang, complexity) values (1014, 2025, 'määramata', 'hiirekarva hall', 'hiirekarva hall', 'est', 'DETAIL');
insert into definition (id, meaning_id, definition_type_code, value, value_prese, lang, complexity) values (1015, 2026, 'määramata', 'rõdu, eriti kirikus', 'rõdu, eriti kirikus', 'est', 'DETAIL');

insert into definition_dataset (definition_id, dataset_code) values (1001, 'qq2');
insert into definition_dataset (definition_id, dataset_code) values (1002, 'qq2');
insert into definition_dataset (definition_id, dataset_code) values (1003, 'qq2');
insert into definition_dataset (definition_id, dataset_code) values (1004, 'ss_');
insert into definition_dataset (definition_id, dataset_code) values (1005, 'ss_');
insert into definition_dataset (definition_id, dataset_code) values (1006, 'ss_');
insert into definition_dataset (definition_id, dataset_code) values (1007, 'ss_');
insert into definition_dataset (definition_id, dataset_code) values (1008, 'ss_');
insert into definition_dataset (definition_id, dataset_code) values (1009, 'ss_');
insert into definition_dataset (definition_id, dataset_code) values (1010, 'ss_');
insert into definition_dataset (definition_id, dataset_code) values (1011, 'ss_');
insert into definition_dataset (definition_id, dataset_code) values (1012, 'evs');
insert into definition_dataset (definition_id, dataset_code) values (1013, 'qq2');
insert into definition_dataset (definition_id, dataset_code) values (1014, 'qq2');
insert into definition_dataset (definition_id, dataset_code) values (1015, 'qq2');

insert into paradigm (id, word_id) values (1001, 1001);
insert into paradigm (id, word_id) values (1002, 1002);
insert into paradigm (id, word_id) values (1003, 1003);
insert into paradigm (id, word_id) values (1004, 1004);
insert into paradigm (id, word_id) values (1005, 1005);
insert into paradigm (id, word_id) values (1006, 1006);
insert into paradigm (id, word_id) values (1007, 1007);
insert into paradigm (id, word_id) values (1008, 1008);
insert into paradigm (id, word_id) values (1009, 1009);
insert into paradigm (id, word_id) values (1010, 1010);
insert into paradigm (id, word_id) values (1011, 1011);
insert into paradigm (id, word_id) values (1012, 1012);
insert into paradigm (id, word_id) values (1013, 1013);
insert into paradigm (id, word_id) values (1014, 1014);
insert into paradigm (id, word_id) values (1015, 1015);
insert into paradigm (id, word_id) values (1016, 1015);
insert into paradigm (id, word_id) values (1017, 1016);
insert into paradigm (id, word_id) values (1018, 1017);
insert into paradigm (id, word_id) values (1019, 1018);

insert into form (id, morph_code, morph_exists, value, value_prese, components, display_form) values (1001, 'SgN', true, 'hall', 'hall', '{hall}', 'hall');
insert into form (id, morph_code, morph_exists, value, value_prese, components, display_form) values (1002, 'SgG', true, 'halla', 'halla', '{hall}', 'halla');
insert into form (id, morph_code, morph_exists, value, value_prese, components, display_form) values (1003, 'SgP', true, 'halla', 'halla', '{hall}', 'h`alla');
insert into form (id, morph_code, morph_exists, value, value_prese, components, display_form) values (1004, 'Neg', false, '-', '-', null, null);
insert into form (id, morph_code, morph_exists, value, value_prese, components, display_form) values (1005, 'SgN', true, 'hall', 'hall', '{hall}', 'hall');
insert into form (id, morph_code, morph_exists, value, value_prese, components, display_form) values (1006, 'SgG', true, 'halli', 'halli', '{hall}', 'halli');
insert into form (id, morph_code, morph_exists, value, value_prese, components, display_form) values (1007, 'SgP', true, 'halli', 'halli', '{hall}', 'h`alli');
insert into form (id, morph_code, morph_exists, value, value_prese, components, display_form) values (1008, 'Neg', false, '-', '-', null, null);
insert into form (id, morph_code, morph_exists, value, value_prese, components, display_form) values (1009, 'SgN', true, 'hallakord', 'hallakord', '{halla, kord}', 'halla+k`ord');
insert into form (id, morph_code, morph_exists, value, value_prese, components, display_form) values (1010, 'SgN', true, 'hallaudu', 'hallaudu', '{halla, udu}', 'halla+udu');
insert into form (id, morph_code, morph_exists, value, value_prese, components, display_form) values (1011, 'SgN', true, 'hallaöö', 'hallaöö', '{halla, öö}', 'halla+`öö');
insert into form (id, morph_code, morph_exists, value, value_prese, components, display_form) values (1012, 'SgN', true, 'hallasääsk', 'hallasääsk', '{halla, sääsk}', 'halla+s`ääsk');
insert into form (id, morph_code, morph_exists, value, value_prese, components, display_form) values (1013, 'SgN', true, 'kaubahall', 'kaubahall', '{kauba, hall}', 'kauba+h`al''l');
insert into form (id, morph_code, morph_exists, value, value_prese, components, display_form) values (1014, 'SgN', true, 'linnahall', 'linnahall', '{linna, hall}', 'linna+h`al''l');
insert into form (id, morph_code, morph_exists, value, value_prese, components, display_form) values (1015, 'SgN', true, 'helehall', 'helehall', '{hele, hall}', 'hele+h`al''l');
insert into form (id, morph_code, morph_exists, value, value_prese, components, display_form) values (1016, 'SgN', true, 'tumehall', 'tumehall', '{tume, hall}', 'tume+h`al''l');
insert into form (id, morph_code, morph_exists, value, value_prese, components, display_form) values (1017, 'SgN', true, 'hiirhall', 'hiirhall', '{hiir, hall}', 'h`iir+h`al''l');
insert into form (id, morph_code, morph_exists, value, value_prese, components, display_form) values (1018, 'SgN', true, 'hiirjas', 'hiirjas', '{hiirjas}', 'h`iirjas');
insert into form (id, morph_code, morph_exists, value, value_prese, components, display_form) values (1019, 'SgN', true, 'hiirukas', 'hiirukas', '{hiirukas}', 'hiirukas');
insert into form (id, morph_code, morph_exists, value, value_prese, components, display_form) values (1020, 'SgN', true, 'väär', 'väär', '{väär}', 'v`äär');
insert into form (id, morph_code, morph_exists, value, value_prese, components, display_form) values (1021, 'SgG', true, 'vääri', 'vääri', '{väär}', 'vääri');
insert into form (id, morph_code, morph_exists, value, value_prese, components, display_form) values (1022, 'SgP', true, 'vääri', 'vääri', '{väär}', 'v`ääri');
insert into form (id, morph_code, morph_exists, value, value_prese, components, display_form) values (1023, 'SgN', true, 'väär', 'väär', '{väär}', 'v`äär');
insert into form (id, morph_code, morph_exists, value, value_prese, components, display_form) values (1024, 'SgG', true, 'väära', 'väära', '{väär}', 'väära');
insert into form (id, morph_code, morph_exists, value, value_prese, components, display_form) values (1025, 'SgP', true, 'väära', 'väära', '{väär}', 'v`äära');
insert into form (id, morph_code, morph_exists, value, value_prese, components, display_form) values (1026, 'SgN', true, 'väär', 'väär', '{väär}', 'v`äär');
insert into form (id, morph_code, morph_exists, value, value_prese, components, display_form) values (1027, 'SgG', true, 'väära', 'väära', '{väär}', 'v`äära');
insert into form (id, morph_code, morph_exists, value, value_prese, components, display_form) values (1028, 'SgP', true, 'väärat', 'väärat', '{väär}', 'v`äärat');
insert into form (id, morph_code, morph_exists, value, value_prese, components, display_form) values (1029, 'PlN', true, 'заморозки', 'заморозки', '{заморозки}', 'заморозки');
insert into form (id, morph_code, morph_exists, value, value_prese, components, display_form) values (1030, 'SgN', true, 'серый', 'серый', '{серый}', 'серый');
insert into form (id, morph_code, morph_exists, value, value_prese, components, display_form) values (1031, 'SgN', true, 'холл', 'холл', '{холл}', 'холл');

insert into paradigm_form (paradigm_id, form_id) values (1001, 1001);
insert into paradigm_form (paradigm_id, form_id) values (1001, 1002);
insert into paradigm_form (paradigm_id, form_id) values (1001, 1003);
insert into paradigm_form (paradigm_id, form_id) values (1001, 1004);
insert into paradigm_form (paradigm_id, form_id) values (1002, 1005);
insert into paradigm_form (paradigm_id, form_id) values (1002, 1006);
insert into paradigm_form (paradigm_id, form_id) values (1002, 1007);
insert into paradigm_form (paradigm_id, form_id) values (1002, 1008);
insert into paradigm_form (paradigm_id, form_id) values (1003, 1009);
insert into paradigm_form (paradigm_id, form_id) values (1004, 1010);
insert into paradigm_form (paradigm_id, form_id) values (1005, 1011);
insert into paradigm_form (paradigm_id, form_id) values (1006, 1012);
insert into paradigm_form (paradigm_id, form_id) values (1007, 1013);
insert into paradigm_form (paradigm_id, form_id) values (1008, 1014);
insert into paradigm_form (paradigm_id, form_id) values (1009, 1015);
insert into paradigm_form (paradigm_id, form_id) values (1010, 1016);
insert into paradigm_form (paradigm_id, form_id) values (1011, 1017);
insert into paradigm_form (paradigm_id, form_id) values (1012, 1018);
insert into paradigm_form (paradigm_id, form_id) values (1013, 1019);
insert into paradigm_form (paradigm_id, form_id) values (1014, 1020);
insert into paradigm_form (paradigm_id, form_id) values (1014, 1021);
insert into paradigm_form (paradigm_id, form_id) values (1014, 1022);
insert into paradigm_form (paradigm_id, form_id) values (1015, 1023);
insert into paradigm_form (paradigm_id, form_id) values (1015, 1024);
insert into paradigm_form (paradigm_id, form_id) values (1015, 1025);
insert into paradigm_form (paradigm_id, form_id) values (1016, 1026);
insert into paradigm_form (paradigm_id, form_id) values (1016, 1027);
insert into paradigm_form (paradigm_id, form_id) values (1016, 1028);
insert into paradigm_form (paradigm_id, form_id) values (1017, 1029);
insert into paradigm_form (paradigm_id, form_id) values (1018, 1030);
insert into paradigm_form (paradigm_id, form_id) values (1019, 1031);

insert into lexeme (id, word_id, meaning_id, dataset_code, is_public, complexity) values (4001, 1001, 2001, 'qq2', true, 'DETAIL');
insert into lexeme (id, word_id, meaning_id, dataset_code, is_public, complexity) values (4002, 1002, 2002, 'qq2', true, 'DETAIL');
insert into lexeme (id, word_id, meaning_id, dataset_code, is_public, complexity) values (4003, 1002, 2003, 'qq2', true, 'DETAIL');
insert into lexeme (id, word_id, meaning_id, dataset_code, is_public, complexity) values (4004, 1001, 2004, 'ss_', true, 'DETAIL');
insert into lexeme (id, word_id, meaning_id, dataset_code, is_public, complexity) values (4005, 1002, 2005, 'ss_', true, 'DETAIL');
insert into lexeme (id, word_id, meaning_id, dataset_code, is_public, complexity) values (4006, 1002, 2006, 'ss_', true, 'DETAIL');
insert into lexeme (id, word_id, meaning_id, dataset_code, is_public, complexity) values (4007, 1002, 2007, 'ss_', true, 'DETAIL');
insert into lexeme (id, word_id, meaning_id, dataset_code, is_public, complexity) values (4008, 1002, 2008, 'ss_', true, 'DETAIL');
insert into lexeme (id, word_id, meaning_id, dataset_code, is_public, complexity) values (4009, 1002, 2009, 'ss_', true, 'DETAIL');
insert into lexeme (id, word_id, meaning_id, dataset_code, is_public, complexity) values (4010, 1002, 2010, 'ss_', true, 'DETAIL');
insert into lexeme (id, word_id, meaning_id, dataset_code, is_public, complexity) values (4011, 1002, 2011, 'ss_', true, 'DETAIL');
insert into lexeme (id, word_id, meaning_id, dataset_code, is_public, complexity) values (4012, 1001, 2012, 'sys', true, 'DETAIL');
insert into lexeme (id, word_id, meaning_id, dataset_code, is_public, complexity) values (4013, 1002, 2013, 'sys', true, 'DETAIL');
insert into lexeme (id, word_id, meaning_id, dataset_code, is_public, complexity) values (4014, 1001, 2014, 'evs', true, 'DETAIL');
insert into lexeme (id, word_id, meaning_id, dataset_code, is_public, complexity) values (4015, 1002, 2015, 'evs', true, 'DETAIL');
insert into lexeme (id, word_id, meaning_id, dataset_code, is_public, complexity) values (4016, 1002, 2016, 'evs', true, 'DETAIL');
insert into lexeme (id, word_id, meaning_id, dataset_code, is_public, complexity) values (4017, 1003, 2017, 'qq2', true, 'DETAIL');
insert into lexeme (id, word_id, meaning_id, dataset_code, is_public, complexity) values (4018, 1004, 2018, 'qq2', true, 'DETAIL');
insert into lexeme (id, word_id, meaning_id, dataset_code, is_public, complexity) values (4019, 1005, 2019, 'qq2', false, 'DETAIL');
insert into lexeme (id, word_id, meaning_id, dataset_code, is_public, complexity) values (4020, 1006, 2020, 'qq2', false, 'DETAIL');
insert into lexeme (id, word_id, meaning_id, dataset_code, is_public, complexity) values (4021, 1007, 2021, 'qq2', true, 'DETAIL');
insert into lexeme (id, word_id, meaning_id, dataset_code, is_public, complexity) values (4022, 1008, 2022, 'qq2', true, 'DETAIL');
insert into lexeme (id, word_id, meaning_id, dataset_code, is_public, complexity) values (4023, 1009, 2023, 'qq2', true, 'DETAIL');
insert into lexeme (id, word_id, meaning_id, dataset_code, is_public, complexity) values (4024, 1010, 2024, 'qq2', true, 'DETAIL');
insert into lexeme (id, word_id, meaning_id, dataset_code, is_public, complexity) values (4025, 1011, 2025, 'qq2', true, 'DETAIL');
insert into lexeme (id, word_id, meaning_id, dataset_code, is_public, complexity) values (4026, 1012, 2025, 'qq2', true, 'DETAIL');
insert into lexeme (id, word_id, meaning_id, dataset_code, is_public, complexity) values (4027, 1013, 2025, 'qq2', true, 'DETAIL');
insert into lexeme (id, word_id, meaning_id, dataset_code, is_public, complexity) values (4028, 1014, 2026, 'qq2', true, 'DETAIL');
insert into lexeme (id, word_id, meaning_id, dataset_code, is_public, complexity) values (4029, 1015, 2027, 'qq2', true, 'DETAIL');
insert into lexeme (id, word_id, meaning_id, dataset_code, is_public, complexity) values (4031, 1016, 2014, 'evs', true, 'DETAIL');
insert into lexeme (id, word_id, meaning_id, dataset_code, is_public, complexity) values (4032, 1017, 2015, 'evs', true, 'DETAIL');
insert into lexeme (id, word_id, meaning_id, dataset_code, is_public, complexity) values (4033, 1018, 2016, 'evs', true, 'DETAIL');

insert into lex_relation (id, lexeme1_id, lexeme2_id, lex_rel_type_code) values (1001, 4001, 4017, 'comp');
insert into lex_relation (id, lexeme1_id, lexeme2_id, lex_rel_type_code) values (1002, 4001, 4018, 'comp');
insert into lex_relation (id, lexeme1_id, lexeme2_id, lex_rel_type_code) values (1003, 4001, 4019, 'comp');
insert into lex_relation (id, lexeme1_id, lexeme2_id, lex_rel_type_code) values (1004, 4001, 4020, 'comp');
insert into lex_relation (id, lexeme1_id, lexeme2_id, lex_rel_type_code) values (1005, 4002, 4021, 'comp');
insert into lex_relation (id, lexeme1_id, lexeme2_id, lex_rel_type_code) values (1006, 4002, 4022, 'comp');
insert into lex_relation (id, lexeme1_id, lexeme2_id, lex_rel_type_code) values (1007, 4003, 4023, 'comp');
insert into lex_relation (id, lexeme1_id, lexeme2_id, lex_rel_type_code) values (1008, 4003, 4024, 'comp');
insert into lex_relation (id, lexeme1_id, lexeme2_id, lex_rel_type_code) values (1009, 4003, 4025, 'comp');

insert into freeform (id, parent_id, type, value_text, lang, complexity) values (1001, null, 'CONCEPT_ID', '123456', null, 'DETAIL');
insert into freeform (id, parent_id, type, value_text, lang, complexity) values (1002, null, 'GOVERNMENT', 'keda mida', 'est', 'DETAIL');
insert into freeform (id, parent_id, type, value_text, lang, complexity) values (1003, null, 'USAGE', 'Hommikul oli hall maas', 'est', 'DETAIL');
insert into freeform (id, parent_id, type, value_text, lang, complexity) values (1004, null, 'USAGE', 'Haned lähevad, hallad taga', 'est', 'DETAIL');

insert into meaning_freeform (id, meaning_id, freeform_id) values (1001, 2024, 1001);
insert into lexeme_freeform (id, lexeme_id, freeform_id) values (1002, 4001, 1003);
insert into lexeme_freeform (id, lexeme_id, freeform_id) values (1003, 4001, 1004);

insert into word_relation(id, word1_id, word2_id, word_rel_type_code, relation_status) values (1001, 1003, 1004, 'raw', 'UNDEFINED');
insert into word_relation(id, word1_id, word2_id, word_rel_type_code, relation_status) values (1002, 1003, 1005, 'deriv', 'UNDEFINED');
insert into word_relation(id, word1_id, word2_id, word_rel_type_code, relation_status) values (1003, 1003, 1006, 'raw', 'UNDEFINED');
insert into word_relation(id, word1_id, word2_id, word_rel_type_code, relation_status) values (1004, 1006, 1003, 'raw', 'UNDEFINED');
insert into word_relation(id, word1_id, word2_id, word_rel_type_code, relation_status) values (1005, 1004, 1003, 'deriv', 'UNDEFINED');

insert into word_relation_param(id, word_relation_id, name, value) values (1001, 1001, 'param1.1', '0.001');
insert into word_relation_param(id, word_relation_id, name, value) values (1002, 1002, 'param1.2', '0.002');
insert into word_relation_param(id, word_relation_id, name, value) values (1003, 1001, 'param2.2', '0.003');
